bird,group,active,pathway,area,slice,cFos_exact,ZENK_exact,cFos_Int,ZENK_Int,Total,Total_Int,cFos_percent,cFos,ZENK_percent,ZENK
2,ALAN,no,Extra,APH,1,4.6,14.6,46,146,100,1000,4.6,5,14.6,15
2,ALAN,no,Extra,APH,2,3.3,16.6,33,166,100,1000,3.3,3,16.6,17
3,ALAN,no,Extra,APH,1,8.7,35.5,87,355,100,1000,8.7,9,35.5,36
3,ALAN,no,Extra,APH,2,0.6,9,6,90,100,1000,0.6,1,9,9
4,day,yes,Extra,APH,1,0,0.2,0,2,100,1000,0,0,0.2,0
6,day,yes,Extra,APH,1,0.8,2,8,20,100,1000,0.8,1,2,2
6,day,yes,Extra,APH,2,2.2,0.6,22,6,100,1000,2.2,2,0.6,1
13,night,no,Extra,APH,1,0,0.9,0,9,100,1000,0,0,0.9,1
13,night,no,Extra,APH,2,0,0,0,0,100,1000,0,0,0,0
14,ALAN,yes,Extra,APH,1,1.8,1.8,18,18,100,1000,1.8,2,1.8,2
14,ALAN,yes,Extra,APH,2,0.9,3.2,9,32,100,1000,0.9,1,3.2,3
15,ALAN,yes,Extra,APH,1,0.3,3.1,3,31,100,1000,0.3,0,3.1,3
15,ALAN,yes,Extra,APH,2,2.7,4.5,27,45,100,1000,2.7,3,4.5,5
16,day,yes,Extra,APH,1,0,0.4,0,4,100,1000,0,0,0.4,0
16,day,yes,Extra,APH,2,0.8,0,8,0,100,1000,0.8,1,0,0
18,night,no,Extra,APH,1,0,1,0,10,100,1000,0,0,1,1
18,night,no,Extra,APH,2,0,9.4,0,94,100,1000,0,0,9.4,9
20,ALAN,yes,Extra,APH,1,0,8.1,0,81,100,1000,0,0,8.1,8
21,night,no,Extra,APH,1,1.3,11.2,13,112,100,1000,1.3,1,11.2,11
21,night,no,Extra,APH,2,0.8,8.3,8,83,100,1000,0.8,1,8.3,8
22,night,no,Extra,APH,1,0,0,0,0,100,1000,0,0,0,0
22,night,no,Extra,APH,2,0,1.4,0,14,100,1000,0,0,1.4,1
24,day,yes,Extra,APH,1,7.3,6.3,73,63,100,1000,7.3,7,6.3,6
2,ALAN,no,Extra,MMD,1,1,8,10,80,100,1000,1,1,8,8
2,ALAN,no,Extra,MMD,2,2.6,16.1,26,161,100,1000,2.6,3,16.1,16
2,ALAN,no,Extra,MMD,3,3.4,14.2,34,142,100,1000,3.4,3,14.2,14
3,ALAN,no,Extra,MMD,1,6,27.9,60,279,100,1000,6,6,27.9,28
3,ALAN,no,Extra,MMD,2,4,34.7,40,347,100,1000,4,4,34.7,35
3,ALAN,no,Extra,MMD,3,2.2,21.8,22,218,100,1000,2.2,2,21.8,22
4,day,yes,Extra,MMD,1,1.1,8.3,11,83,100,1000,1.1,1,8.3,8
4,day,yes,Extra,MMD,2,1.3,9.3,13,93,100,1000,1.3,1,9.3,9
6,day,yes,Extra,MMD,1,4.9,10.3,49,103,100,1000,4.9,5,10.3,10
6,day,yes,Extra,MMD,2,3.6,8.4,36,84,100,1000,3.6,4,8.4,8
6,day,yes,Extra,MMD,3,10.9,22,109,220,100,1000,10.9,11,22,22
13,night,no,Extra,MMD,1,0.8,4.2,8,42,100,1000,0.8,1,4.2,4
13,night,no,Extra,MMD,2,0,2.1,0,21,100,1000,0,0,2.1,2
13,night,no,Extra,MMD,3,0.4,12.4,4,124,100,1000,0.4,0,12.4,12
14,ALAN,yes,Extra,MMD,1,8.4,5.7,84,57,100,1000,8.4,8,5.7,6
14,ALAN,yes,Extra,MMD,2,6.1,20.4,61,204,100,1000,6.1,6,20.4,20
14,ALAN,yes,Extra,MMD,3,4.1,25.5,41,255,100,1000,4.1,4,25.5,26
15,ALAN,yes,Extra,MMD,1,3.5,19.7,35,197,100,1000,3.5,4,19.7,20
15,ALAN,yes,Extra,MMD,2,3.3,45.7,33,457,100,1000,3.3,3,45.7,46
15,ALAN,yes,Extra,MMD,3,3.5,30,35,300,100,1000,3.5,4,30,30
16,day,yes,Extra,MMD,1,1.2,1.6,12,16,100,1000,1.2,1,1.6,2
16,day,yes,Extra,MMD,2,0.4,4.2,4,42,100,1000,0.4,0,4.2,4
16,day,yes,Extra,MMD,3,0.2,11.4,2,114,100,1000,0.2,0,11.4,11
18,night,no,Extra,MMD,1,1.1,25.9,11,259,100,1000,1.1,1,25.9,26
18,night,no,Extra,MMD,2,3.7,19.1,37,191,100,1000,3.7,4,19.1,19
18,night,no,Extra,MMD,3,1.5,15.9,15,159,100,1000,1.5,2,15.9,16
20,ALAN,yes,Extra,MMD,1,4.4,32.3,44,323,100,1000,4.4,4,32.3,32
20,ALAN,yes,Extra,MMD,2,4.2,38.4,42,384,100,1000,4.2,4,38.4,38
21,night,no,Extra,MMD,1,3.4,6.6,34,66,100,1000,3.4,3,6.6,7
21,night,no,Extra,MMD,2,2.8,8.4,28,84,100,1000,2.8,3,8.4,8
21,night,no,Extra,MMD,3,2.1,9.7,21,97,100,1000,2.1,2,9.7,10
22,night,no,Extra,MMD,1,2.4,7.3,24,73,100,1000,2.4,2,7.3,7
22,night,no,Extra,MMD,2,0,9.8,0,98,100,1000,0,0,9.8,10
22,night,no,Extra,MMD,3,0.5,7.8,5,78,100,1000,0.5,1,7.8,8
22,night,no,Extra,MMD,4,0.7,11.8,7,118,100,1000,0.7,1,11.8,12
24,day,yes,Extra,MMD,1,4.5,5.9,45,59,100,1000,4.5,5,5.9,6
24,day,yes,Extra,MMD,2,1.9,4,19,40,100,1000,1.9,2,4,4
24,day,yes,Extra,MMD,3,5.8,10.7,58,107,100,1000,5.8,6,10.7,11
2,ALAN,no,Extra,E,1,2.1,22.3,21,223,100,1000,2.1,2,22.3,22
3,ALAN,no,Extra,E,1,0.4,14.7,4,147,100,1000,0.4,0,14.7,15
4,day,yes,Extra,E,1,0.6,14.8,6,148,100,1000,0.6,1,14.8,15
6,day,yes,Extra,E,1,1.1,14.1,11,141,100,1000,1.1,1,14.1,14
13,night,no,Extra,E,1,0.7,6.6,7,66,100,1000,0.7,1,6.6,7
14,ALAN,yes,Extra,E,1,2.9,15.7,29,157,100,1000,2.9,3,15.7,16
15,ALAN,yes,Extra,E,1,0.6,20.1,6,201,100,1000,0.6,1,20.1,20
16,day,yes,Extra,E,1,0,7.3,0,73,100,1000,0,0,7.3,7
18,night,no,Extra,E,1,0.5,3.6,5,36,100,1000,0.5,1,3.6,4
20,ALAN,yes,Extra,E,1,1.4,12.2,14,122,100,1000,1.4,1,12.2,12
21,night,no,Extra,E,1,0.7,8.4,7,84,100,1000,0.7,1,8.4,8
24,day,yes,Extra,E,1,0.4,7.7,4,77,100,1000,0.4,0,7.7,8
2,ALAN,no,Extra,StP,1,1,10,10,100,100,1000,1,1,10,10
2,ALAN,no,Extra,StP,2,1.1,9.2,11,92,100,1000,1.1,1,9.2,9
2,ALAN,no,Extra,StP,3,3.7,16.8,37,168,100,1000,3.7,4,16.8,17
3,ALAN,no,Extra,StP,1,1,7.7,10,77,100,1000,1,1,7.7,8
3,ALAN,no,Extra,StP,2,0.7,8.9,7,89,100,1000,0.7,1,8.9,9
3,ALAN,no,Extra,StP,3,0.9,16.4,9,164,100,1000,0.9,1,16.4,16
4,day,yes,Extra,StP,1,0,7.2,0,72,100,1000,0,0,7.2,7
6,day,yes,Extra,StP,1,0.9,11.6,9,116,100,1000,0.9,1,11.6,12
6,day,yes,Extra,StP,2,1.2,10.4,12,104,100,1000,1.2,1,10.4,10
6,day,yes,Extra,StP,3,3.1,14.7,31,147,100,1000,3.1,3,14.7,15
13,night,no,Extra,StP,1,0,4.6,0,46,100,1000,0,0,4.6,5
13,night,no,Extra,StP,2,0,2.5,0,25,100,1000,0,0,2.5,3
13,night,no,Extra,StP,3,0,5.6,0,56,100,1000,0,0,5.6,6
14,ALAN,yes,Extra,StP,1,4,23.5,40,235,100,1000,4,4,23.5,24
14,ALAN,yes,Extra,StP,2,6.7,16.7,67,167,100,1000,6.7,7,16.7,17
14,ALAN,yes,Extra,StP,3,2,25,20,250,100,1000,2,2,25,25
15,ALAN,yes,Extra,StP,1,2.1,12.8,21,128,100,1000,2.1,2,12.8,13
15,ALAN,yes,Extra,StP,2,0.3,19.3,3,193,100,1000,0.3,0,19.3,19
15,ALAN,yes,Extra,StP,3,0.8,7.5,8,75,100,1000,0.8,1,7.5,8
16,day,yes,Extra,StP,1,0,5.5,0,55,100,1000,0,0,5.5,6
16,day,yes,Extra,StP,2,0,6.2,0,62,100,1000,0,0,6.2,6
16,day,yes,Extra,StP,3,0,7,0,70,100,1000,0,0,7,7
18,night,no,Extra,StP,1,0,14.9,0,149,100,1000,0,0,14.9,15
18,night,no,Extra,StP,2,0,8.4,0,84,100,1000,0,0,8.4,8
20,ALAN,yes,Extra,StP,1,3.4,21.2,34,212,100,1000,3.4,3,21.2,21
21,night,no,Extra,StP,1,2.4,12.1,24,121,100,1000,2.4,2,12.1,12
21,night,no,Extra,StP,2,2.3,13.9,23,139,100,1000,2.3,2,13.9,14
21,night,no,Extra,StP,3,2.5,10.8,25,108,100,1000,2.5,3,10.8,11
22,night,no,Extra,StP,1,0,4.2,0,42,100,1000,0,0,4.2,4
22,night,no,Extra,StP,2,0.9,8.6,9,86,100,1000,0.9,1,8.6,9
24,day,yes,Extra,StP,1,5.7,28.7,57,287,100,1000,5.7,6,28.7,29
24,day,yes,Extra,StP,2,2.9,15.1,29,151,100,1000,2.9,3,15.1,15
24,day,yes,Extra,StP,3,0.3,37.7,3,377,100,1000,0.3,0,37.7,38
2,ALAN,no,Extra,MLV,1,2.8,14.8,28,148,100,1000,2.8,3,14.8,15
2,ALAN,no,Extra,MLV,2,2.6,13.9,26,139,100,1000,2.6,3,13.9,14
2,ALAN,no,Extra,MLV,3,1.6,19.3,16,193,100,1000,1.6,2,19.3,19
3,ALAN,no,Extra,MLV,1,1.4,17.3,14,173,100,1000,1.4,1,17.3,17
3,ALAN,no,Extra,MLV,2,1.1,13.3,11,133,100,1000,1.1,1,13.3,13
3,ALAN,no,Extra,MLV,3,1.5,18.7,15,187,100,1000,1.5,2,18.7,19
4,day,yes,Extra,MLV,1,0.6,23.6,6,236,100,1000,0.6,1,23.6,24
4,day,yes,Extra,MLV,2,0.5,11.1,5,111,100,1000,0.5,1,11.1,11
4,day,yes,Extra,MLV,3,0.1,13.7,1,137,100,1000,0.1,0,13.7,14
6,day,yes,Extra,MLV,1,3.3,18.6,33,186,100,1000,3.3,3,18.6,19
6,day,yes,Extra,MLV,2,1.7,8.7,17,87,100,1000,1.7,2,8.7,9
6,day,yes,Extra,MLV,3,2.5,13.6,25,136,100,1000,2.5,3,13.6,14
13,night,no,Extra,MLV,1,0.3,8.7,3,87,100,1000,0.3,0,8.7,9
13,night,no,Extra,MLV,2,0,3.6,0,36,100,1000,0,0,3.6,4
13,night,no,Extra,MLV,3,0.2,0.9,2,9,100,1000,0.2,0,0.9,1
14,ALAN,yes,Extra,MLV,1,2.3,12.1,23,121,100,1000,2.3,2,12.1,12
14,ALAN,yes,Extra,MLV,2,2,6.6,20,66,100,1000,2,2,6.6,7
14,ALAN,yes,Extra,MLV,3,2.8,15.4,28,154,100,1000,2.8,3,15.4,15
15,ALAN,yes,Extra,MLV,1,2,25.9,20,259,100,1000,2,2,25.9,26
15,ALAN,yes,Extra,MLV,2,2,25.4,20,254,100,1000,2,2,25.4,25
15,ALAN,yes,Extra,MLV,3,1.6,19.4,16,194,100,1000,1.6,2,19.4,19
16,day,yes,Extra,MLV,1,0.5,12.5,5,125,100,1000,0.5,1,12.5,13
16,day,yes,Extra,MLV,2,0.2,10.1,2,101,100,1000,0.2,0,10.1,10
16,day,yes,Extra,MLV,3,0.1,12.6,1,126,100,1000,0.1,0,12.6,13
18,night,no,Extra,MLV,1,0.2,12.4,2,124,100,1000,0.2,0,12.4,12
18,night,no,Extra,MLV,2,1.2,14.6,12,146,100,1000,1.2,1,14.6,15
18,night,no,Extra,MLV,3,0.5,18.1,5,181,100,1000,0.5,1,18.1,18
20,ALAN,yes,Extra,MLV,1,0.9,18,9,180,100,1000,0.9,1,18,18
20,ALAN,yes,Extra,MLV,2,2.6,26.6,26,266,100,1000,2.6,3,26.6,27
20,ALAN,yes,Extra,MLV,3,3.5,19.1,35,191,100,1000,3.5,4,19.1,19
21,night,no,Extra,MLV,1,1.1,5.2,11,52,100,1000,1.1,1,5.2,5
21,night,no,Extra,MLV,2,0.3,14.3,3,143,100,1000,0.3,0,14.3,14
21,night,no,Extra,MLV,3,3,19,30,190,100,1000,3,3,19,19
21,night,no,Extra,MLV,4,0.3,4.1,3,41,100,1000,0.3,0,4.1,4
22,night,no,Extra,MLV,1,0,11.2,0,112,100,1000,0,0,11.2,11
22,night,no,Extra,MLV,2,0.2,7.3,2,73,100,1000,0.2,0,7.3,7
24,day,yes,Extra,MLV,1,2,22.3,20,223,100,1000,2,2,22.3,22
24,day,yes,Extra,MLV,2,2.4,20.5,24,205,100,1000,2.4,2,20.5,21
24,day,yes,Extra,MLV,3,1.8,20.7,18,207,100,1000,1.8,2,20.7,21
2,ALAN,no,Visual,Eco,1,0.1,2.8,1,28,100,1000,0.1,0,2.8,3
2,ALAN,no,Visual,Eco,2,0.1,2.1,1,21,100,1000,0.1,0,2.1,2
2,ALAN,no,Visual,Eco,3,0,0.7,0,7,100,1000,0,0,0.7,1
3,ALAN,no,Visual,Eco,1,0.1,0.9,1,9,100,1000,0.1,0,0.9,1
3,ALAN,no,Visual,Eco,2,0,1.2,0,12,100,1000,0,0,1.2,1
4,day,yes,Visual,Eco,1,0.3,0.3,3,3,100,1000,0.3,0,0.3,0
4,day,yes,Visual,Eco,2,0.3,0.7,3,7,100,1000,0.3,0,0.7,1
6,day,yes,Visual,Eco,1,0.4,3.2,4,32,100,1000,0.4,0,3.2,3
6,day,yes,Visual,Eco,2,5.7,1.3,57,13,100,1000,5.7,6,1.3,1
6,day,yes,Visual,Eco,3,0.2,0,2,0,100,1000,0.2,0,0,0
13,night,no,Visual,Eco,1,0.2,0,2,0,100,1000,0.2,0,0,0
13,night,no,Visual,Eco,2,0.6,2,6,20,100,1000,0.6,1,2,2
14,ALAN,yes,Visual,Eco,1,0,0.2,0,2,100,1000,0,0,0.2,0
14,ALAN,yes,Visual,Eco,2,0,0.7,0,7,100,1000,0,0,0.7,1
15,ALAN,yes,Visual,Eco,1,0.2,0.6,2,6,100,1000,0.2,0,0.6,1
15,ALAN,yes,Visual,Eco,2,0.2,0.6,2,6,100,1000,0.2,0,0.6,1
16,day,yes,Visual,Eco,1,0,0.8,0,8,100,1000,0,0,0.8,1
16,day,yes,Visual,Eco,2,0.1,0.4,1,4,100,1000,0.1,0,0.4,0
16,day,yes,Visual,Eco,3,0,0.7,0,7,100,1000,0,0,0.7,1
18,night,no,Visual,Eco,1,0.1,2,1,20,100,1000,0.1,0,2,2
18,night,no,Visual,Eco,2,0.4,1.7,4,17,100,1000,0.4,0,1.7,2
18,night,no,Visual,Eco,3,0.1,2.7,1,27,100,1000,0.1,0,2.7,3
20,ALAN,yes,Visual,Eco,1,0.3,3.3,3,33,100,1000,0.3,0,3.3,3
20,ALAN,yes,Visual,Eco,2,0,0,0,0,100,1000,0,0,0,0
20,ALAN,yes,Visual,Eco,3,0,0.2,0,2,100,1000,0,0,0.2,0
21,night,no,Visual,Eco,1,0,6.2,0,62,100,1000,0,0,6.2,6
21,night,no,Visual,Eco,2,1.2,12,12,120,100,1000,1.2,1,12,12
22,night,no,Visual,Eco,1,0,3,0,30,100,1000,0,0,3,3
24,day,yes,Visual,Eco,1,0,1.3,0,13,100,1000,0,0,1.3,1
24,day,yes,Visual,Eco,2,0.3,12.4,3,124,100,1000,0.3,0,12.4,12
2,ALAN,no,Visual,NE,1,0.1,1.3,1,13,100,1000,0.1,0,1.3,1
2,ALAN,no,Visual,NE,2,0.2,4.6,2,46,100,1000,0.2,0,4.6,5
2,ALAN,no,Visual,NE,3,0,6.3,0,63,100,1000,0,0,6.3,6
3,ALAN,no,Visual,NE,1,0.3,11.2,3,112,100,1000,0.3,0,11.2,11
3,ALAN,no,Visual,NE,2,0.5,11.1,5,111,100,1000,0.5,1,11.1,11
4,day,yes,Visual,NE,1,0.1,13.9,1,139,100,1000,0.1,0,13.9,14
4,day,yes,Visual,NE,2,0.3,13.8,3,138,100,1000,0.3,0,13.8,14
6,day,yes,Visual,NE,1,0.4,6.3,4,63,100,1000,0.4,0,6.3,6
6,day,yes,Visual,NE,2,0.1,4.6,1,46,100,1000,0.1,0,4.6,5
6,day,yes,Visual,NE,3,0.3,11.5,3,115,100,1000,0.3,0,11.5,12
13,night,no,Visual,NE,1,0.1,0.7,1,7,100,1000,0.1,0,0.7,1
13,night,no,Visual,NE,2,0.5,3.5,5,35,100,1000,0.5,1,3.5,4
14,ALAN,yes,Visual,NE,1,0.8,4.6,8,46,100,1000,0.8,1,4.6,5
14,ALAN,yes,Visual,NE,2,1,3.2,10,32,100,1000,1,1,3.2,3
15,ALAN,yes,Visual,NE,1,0.6,21,6,210,100,1000,0.6,1,21,21
15,ALAN,yes,Visual,NE,2,0,6.1,0,61,100,1000,0,0,6.1,6
16,day,yes,Visual,NE,1,0,2.5,0,25,100,1000,0,0,2.5,3
16,day,yes,Visual,NE,2,0.2,4.5,2,45,100,1000,0.2,0,4.5,5
16,day,yes,Visual,NE,3,0,18,0,180,100,1000,0,0,18,18
18,night,no,Visual,NE,1,0.1,1.6,1,16,100,1000,0.1,0,1.6,2
18,night,no,Visual,NE,2,0,4,0,40,100,1000,0,0,4,4
18,night,no,Visual,NE,3,0,3.3,0,33,100,1000,0,0,3.3,3
20,ALAN,yes,Visual,NE,1,0.6,18.3,6,183,100,1000,0.6,1,18.3,18
21,night,no,Visual,NE,1,0,0.7,0,7,100,1000,0,0,0.7,1
21,night,no,Visual,NE,2,2.4,16.4,24,164,100,1000,2.4,2,16.4,16
22,night,no,Visual,NE,1,0.3,3,3,30,100,1000,0.3,0,3,3
24,day,yes,Visual,NE,1,0.3,4.7,3,47,100,1000,0.3,0,4.7,5
24,day,yes,Visual,NE,2,2.2,35.5,22,355,100,1000,2.2,2,35.5,36
2,ALAN,no,Visual,StE,1,0.2,5.9,2,59,100,1000,0.2,0,5.9,6
2,ALAN,no,Visual,StE,2,0.4,5.5,4,55,100,1000,0.4,0,5.5,6
2,ALAN,no,Visual,StE,3,0.5,6.1,5,61,100,1000,0.5,1,6.1,6
3,ALAN,no,Visual,StE,1,0,10.2,0,102,100,1000,0,0,10.2,10
3,ALAN,no,Visual,StE,2,0,9.4,0,94,100,1000,0,0,9.4,9
4,day,yes,Visual,StE,1,0.2,5.5,2,55,100,1000,0.2,0,5.5,6
4,day,yes,Visual,StE,2,0.3,12.8,3,128,100,1000,0.3,0,12.8,13
6,day,yes,Visual,StE,1,0,12.8,0,128,100,1000,0,0,12.8,13
6,day,yes,Visual,StE,2,1,19.4,10,194,100,1000,1,1,19.4,19
14,ALAN,yes,Visual,StE,1,1.1,7.1,11,71,100,1000,1.1,1,7.1,7
14,ALAN,yes,Visual,StE,2,0.5,3.4,5,34,100,1000,0.5,1,3.4,3
14,ALAN,yes,Visual,StE,3,1.2,10.6,12,106,100,1000,1.2,1,10.6,11
15,ALAN,yes,Visual,StE,1,0.3,10.1,3,101,100,1000,0.3,0,10.1,10
15,ALAN,yes,Visual,StE,2,0.6,15.7,6,157,100,1000,0.6,1,15.7,16
16,day,yes,Visual,StE,1,0,5.4,0,54,100,1000,0,0,5.4,5
16,day,yes,Visual,StE,2,0,10,0,100,100,1000,0,0,10,10
18,night,no,Visual,StE,1,0.1,14.3,1,143,100,1000,0.1,0,14.3,14
18,night,no,Visual,StE,2,0,3.7,0,37,100,1000,0,0,3.7,4
18,night,no,Visual,StE,3,0,8.6,0,86,100,1000,0,0,8.6,9
20,ALAN,yes,Visual,StE,1,0.7,10.6,7,106,100,1000,0.7,1,10.6,11
20,ALAN,yes,Visual,StE,2,1.2,12.5,12,125,100,1000,1.2,1,12.5,13
20,ALAN,yes,Visual,StE,3,0.8,15.9,8,159,100,1000,0.8,1,15.9,16
21,night,no,Visual,StE,1,1.3,14.4,13,144,100,1000,1.3,1,14.4,14
21,night,no,Visual,StE,2,0.8,8.3,8,83,100,1000,0.8,1,8.3,8
22,night,no,Visual,StE,1,0.1,5.3,1,53,100,1000,0.1,0,5.3,5
24,day,yes,Visual,StE,1,0.3,15.2,3,152,100,1000,0.3,0,15.2,15
24,day,yes,Visual,StE,2,0.3,13.7,3,137,100,1000,0.3,0,13.7,14
2,ALAN,no,Visual,MVe,1,0.4,3.2,4,32,100,1000,0.4,0,3.2,3
2,ALAN,no,Visual,MVe,2,1.3,6.8,13,68,100,1000,1.3,1,6.8,7
2,ALAN,no,Visual,MVe,3,0.3,1.3,3,13,100,1000,0.3,0,1.3,1
2,ALAN,no,Visual,MVe,4,0.3,3,3,30,100,1000,0.3,0,3,3
2,ALAN,no,Visual,MVe,5,0.2,3.7,2,37,100,1000,0.2,0,3.7,4
3,ALAN,no,Visual,MVe,1,1.1,18.6,11,186,100,1000,1.1,1,18.6,19
3,ALAN,no,Visual,MVe,2,0.7,7.3,7,73,100,1000,0.7,1,7.3,7
3,ALAN,no,Visual,MVe,3,0.2,9.9,2,99,100,1000,0.2,0,9.9,10
4,day,yes,Visual,MVe,1,0.4,11,4,110,100,1000,0.4,0,11,11
4,day,yes,Visual,MVe,2,0.6,12.4,6,124,100,1000,0.6,1,12.4,12
6,day,yes,Visual,MVe,1,1.5,6.6,15,66,100,1000,1.5,2,6.6,7
13,night,no,Visual,MVe,1,0.1,2.8,1,28,100,1000,0.1,0,2.8,3
13,night,no,Visual,MVe,2,0,0.6,0,6,100,1000,0,0,0.6,1
13,night,no,Visual,MVe,3,0.2,1.6,2,16,100,1000,0.2,0,1.6,2
13,night,no,Visual,MVe,4,0,0.8,0,8,100,1000,0,0,0.8,1
14,ALAN,yes,Visual,MVe,1,1.8,5.8,18,58,100,1000,1.8,2,5.8,6
14,ALAN,yes,Visual,MVe,2,0.9,5.3,9,53,100,1000,0.9,1,5.3,5
14,ALAN,yes,Visual,MVe,3,1.1,5.1,11,51,100,1000,1.1,1,5.1,5
15,ALAN,yes,Visual,MVe,1,0.8,17.4,8,174,100,1000,0.8,1,17.4,17
15,ALAN,yes,Visual,MVe,2,0,10.3,0,103,100,1000,0,0,10.3,10
15,ALAN,yes,Visual,MVe,3,1.2,28.2,12,282,100,1000,1.2,1,28.2,28
16,day,yes,Visual,MVe,1,0.2,11.8,2,118,100,1000,0.2,0,11.8,12
16,day,yes,Visual,MVe,2,0,4.1,0,41,100,1000,0,0,4.1,4
16,day,yes,Visual,MVe,3,0,16.4,0,164,100,1000,0,0,16.4,16
18,night,no,Visual,MVe,1,0.5,17.4,5,174,100,1000,0.5,1,17.4,17
18,night,no,Visual,MVe,2,0.1,10.3,1,103,100,1000,0.1,0,10.3,10
18,night,no,Visual,MVe,3,0.1,10.7,1,107,100,1000,0.1,0,10.7,11
20,ALAN,yes,Visual,MVe,1,0.2,16.8,2,168,100,1000,0.2,0,16.8,17
20,ALAN,yes,Visual,MVe,2,1.3,18.1,13,181,100,1000,1.3,1,18.1,18
20,ALAN,yes,Visual,MVe,3,1,22,10,220,100,1000,1,1,22,22
21,night,no,Visual,MVe,1,1,18,10,180,100,1000,1,1,18,18
21,night,no,Visual,MVe,2,0.5,3.3,5,33,100,1000,0.5,1,3.3,3
21,night,no,Visual,MVe,3,0.7,12.2,7,122,100,1000,0.7,1,12.2,12
21,night,no,Visual,MVe,4,0.1,3.1,1,31,100,1000,0.1,0,3.1,3
21,night,no,Visual,MVe,5,0.2,2.7,2,27,100,1000,0.2,0,2.7,3
22,night,no,Visual,MVe,1,0.1,1.9,1,19,100,1000,0.1,0,1.9,2
22,night,no,Visual,MVe,2,0.2,8,2,80,100,1000,0.2,0,8,8
24,day,yes,Visual,MVe,1,0.3,15.4,3,154,100,1000,0.3,0,15.4,15
24,day,yes,Visual,MVe,2,0.7,27.1,7,271,100,1000,0.7,1,27.1,27
24,day,yes,Visual,MVe,3,5.5,37,55,370,100,1000,5.5,6,37,37
2,ALAN,no,Visual,PMD,1,1,14,10,140,100,1000,1,1,14,14
2,ALAN,no,Visual,PMD,2,0.2,4.5,2,45,100,1000,0.2,0,4.5,5
2,ALAN,no,Visual,PMD,3,0,3.4,0,34,100,1000,0,0,3.4,3
3,ALAN,no,Visual,PMD,1,3.2,24.7,32,247,100,1000,3.2,3,24.7,25
3,ALAN,no,Visual,PMD,2,4.6,30.1,46,301,100,1000,4.6,5,30.1,30
4,day,yes,Visual,PMD,1,0.7,10.1,7,101,100,1000,0.7,1,10.1,10
6,day,yes,Visual,PMD,1,7.3,18.6,73,186,100,1000,7.3,7,18.6,19
6,day,yes,Visual,PMD,2,4.2,21.3,42,213,100,1000,4.2,4,21.3,21
6,day,yes,Visual,PMD,3,4.1,26.8,41,268,100,1000,4.1,4,26.8,27
13,night,no,Visual,PMD,1,0.6,2.6,6,26,100,1000,0.6,1,2.6,3
13,night,no,Visual,PMD,2,0.4,4.2,4,42,100,1000,0.4,0,4.2,4
14,ALAN,yes,Visual,PMD,1,6.6,12.2,66,122,100,1000,6.6,7,12.2,12
14,ALAN,yes,Visual,PMD,2,10.9,17.4,109,174,100,1000,10.9,11,17.4,17
14,ALAN,yes,Visual,PMD,3,6.1,20.7,61,207,100,1000,6.1,6,20.7,21
14,ALAN,yes,Visual,PMD,4,5.2,20.6,52,206,100,1000,5.2,5,20.6,21
15,ALAN,yes,Visual,PMD,1,2.7,22.5,27,225,100,1000,2.7,3,22.5,23
15,ALAN,yes,Visual,PMD,2,2,22.8,20,228,100,1000,2,2,22.8,23
15,ALAN,yes,Visual,PMD,3,1.6,21.6,16,216,100,1000,1.6,2,21.6,22
16,day,yes,Visual,PMD,1,0.5,10.9,5,109,100,1000,0.5,1,10.9,11
16,day,yes,Visual,PMD,2,0.1,8.2,1,82,100,1000,0.1,0,8.2,8
16,day,yes,Visual,PMD,3,0.3,6,3,60,100,1000,0.3,0,6,6
16,day,yes,Visual,PMD,4,0.1,5.3,1,53,100,1000,0.1,0,5.3,5
18,night,no,Visual,PMD,1,1.5,21.1,15,211,100,1000,1.5,2,21.1,21
18,night,no,Visual,PMD,2,2.3,20.2,23,202,100,1000,2.3,2,20.2,20
20,ALAN,yes,Visual,PMD,1,3.5,28.4,35,284,100,1000,3.5,4,28.4,28
20,ALAN,yes,Visual,PMD,2,3.7,30.2,37,302,100,1000,3.7,4,30.2,30
21,night,no,Visual,PMD,1,1,6.3,10,63,100,1000,1,1,6.3,6
21,night,no,Visual,PMD,2,0.5,16.9,5,169,100,1000,0.5,1,16.9,17
21,night,no,Visual,PMD,3,1,20.8,10,208,100,1000,1,1,20.8,21
22,night,no,Visual,PMD,1,1.3,13.1,13,131,100,1000,1.3,1,13.1,13
22,night,no,Visual,PMD,2,1.7,20.7,17,207,100,1000,1.7,2,20.7,21
24,day,yes,Visual,PMD,1,2.3,17.1,23,171,100,1000,2.3,2,17.1,17
24,day,yes,Visual,PMD,2,0.9,12.5,9,125,100,1000,0.9,1,12.5,13
24,day,yes,Visual,PMD,3,0.9,9.8,9,98,100,1000,0.9,1,9.8,10
24,day,yes,Visual,PMD,4,0.5,11.7,5,117,100,1000,0.5,1,11.7,12
2,ALAN,no,Visual,PH,1,4.9,19.4,49,194,100,1000,4.9,5,19.4,19
2,ALAN,no,Visual,PH,2,2.4,17.8,24,178,100,1000,2.4,2,17.8,18
2,ALAN,no,Visual,PH,3,9,26.6,90,266,100,1000,9,9,26.6,27
3,ALAN,no,Visual,PH,1,3.7,35.4,37,354,100,1000,3.7,4,35.4,35
3,ALAN,no,Visual,PH,2,4.5,24.3,45,243,100,1000,4.5,5,24.3,24
4,day,yes,Visual,PH,1,1,19,10,190,100,1000,1,1,19,19
6,day,yes,Visual,PH,1,3.9,6.4,39,64,100,1000,3.9,4,6.4,6
6,day,yes,Visual,PH,2,8.6,15.4,86,154,100,1000,8.6,9,15.4,15
13,night,no,Visual,PH,1,1.2,2.7,12,27,100,1000,1.2,1,2.7,3
13,night,no,Visual,PH,2,0.1,1.9,1,19,100,1000,0.1,0,1.9,2
14,ALAN,yes,Visual,PH,1,5,19.2,50,192,100,1000,5,5,19.2,19
14,ALAN,yes,Visual,PH,2,13,25.2,130,252,100,1000,13,13,25.2,25
14,ALAN,yes,Visual,PH,3,6.1,20.6,61,206,100,1000,6.1,6,20.6,21
14,ALAN,yes,Visual,PH,4,7.6,20.8,76,208,100,1000,7.6,8,20.8,21
15,ALAN,yes,Visual,PH,1,5,31.6,50,316,100,1000,5,5,31.6,32
15,ALAN,yes,Visual,PH,2,4.9,21.1,49,211,100,1000,4.9,5,21.1,21
15,ALAN,yes,Visual,PH,3,2.3,26.9,23,269,100,1000,2.3,2,26.9,27
16,day,yes,Visual,PH,1,0.4,9.5,4,95,100,1000,0.4,0,9.5,10
16,day,yes,Visual,PH,2,0.7,8.3,7,83,100,1000,0.7,1,8.3,8
16,day,yes,Visual,PH,3,1.6,9.1,16,91,100,1000,1.6,2,9.1,9
16,day,yes,Visual,PH,4,0.6,5.8,6,58,100,1000,0.6,1,5.8,6
18,night,no,Visual,PH,1,5,34.9,50,349,100,1000,5,5,34.9,35
18,night,no,Visual,PH,2,4.8,39.3,48,393,100,1000,4.8,5,39.3,39
18,night,no,Visual,PH,3,2.4,21.6,24,216,100,1000,2.4,2,21.6,22
20,ALAN,yes,Visual,PH,1,4.5,22,45,220,100,1000,4.5,5,22,22
21,night,no,Visual,PH,1,1,12,10,120,100,1000,1,1,12,12
21,night,no,Visual,PH,2,0.5,19.3,5,193,100,1000,0.5,1,19.3,19
22,night,no,Visual,PH,1,1.3,8.8,13,88,100,1000,1.3,1,8.8,9
22,night,no,Visual,PH,2,3.4,20,34,200,100,1000,3.4,3,20,20
22,night,no,Visual,PH,3,4.3,25,43,250,100,1000,4.3,4,25,25
24,day,yes,Visual,PH,1,2.6,18.3,26,183,100,1000,2.6,3,18.3,18
24,day,yes,Visual,PH,2,2.1,14.1,21,141,100,1000,2.1,2,14.1,14
24,day,yes,Visual,PH,3,0.7,12.6,7,126,100,1000,0.7,1,12.6,13
2,ALAN,no,Movement,AN,1,0.1,1,1,10,100,1000,0.1,0,1,1
2,ALAN,no,Movement,AN,2,0,0.5,0,5,100,1000,0,0,0.5,1
2,ALAN,no,Movement,AN,3,0,0.5,0,5,100,1000,0,0,0.5,1
3,ALAN,no,Movement,AN,1,0.4,10.3,4,103,100,1000,0.4,0,10.3,10
3,ALAN,no,Movement,AN,2,0.1,6.6,1,66,100,1000,0.1,0,6.6,7
4,day,yes,Movement,AN,1,0,2.1,0,21,100,1000,0,0,2.1,2
6,day,yes,Movement,AN,1,1.3,12.7,13,127,100,1000,1.3,1,12.7,13
6,day,yes,Movement,AN,2,5,14.1,50,141,100,1000,5,5,14.1,14
6,day,yes,Movement,AN,3,0.3,9.3,3,93,100,1000,0.3,0,9.3,9
13,night,no,Movement,AN,1,0.5,7.4,5,74,100,1000,0.5,1,7.4,7
13,night,no,Movement,AN,2,0.2,1.1,2,11,100,1000,0.2,0,1.1,1
14,ALAN,yes,Movement,AN,1,0.7,8.4,7,84,100,1000,0.7,1,8.4,8
14,ALAN,yes,Movement,AN,2,0.4,5.8,4,58,100,1000,0.4,0,5.8,6
15,ALAN,yes,Movement,AN,1,4.5,40.7,45,407,100,1000,4.5,5,40.7,41
15,ALAN,yes,Movement,AN,2,15.8,29,158,290,100,1000,15.8,16,29,29
16,day,yes,Movement,AN,1,0.2,15.2,2,152,100,1000,0.2,0,15.2,15
16,day,yes,Movement,AN,2,0,15.7,0,157,100,1000,0,0,15.7,16
16,day,yes,Movement,AN,3,0.1,11.1,1,111,100,1000,0.1,0,11.1,11
18,night,no,Movement,AN,1,0.4,9.3,4,93,100,1000,0.4,0,9.3,9
20,ALAN,yes,Movement,AN,1,0.8,20.6,8,206,100,1000,0.8,1,20.6,21
21,night,no,Movement,AN,1,0.1,8.4,1,84,100,1000,0.1,0,8.4,8
21,night,no,Movement,AN,2,0.2,4,2,40,100,1000,0.2,0,4,4
21,night,no,Movement,AN,3,0,0.7,0,7,100,1000,0,0,0.7,1
22,night,no,Movement,AN,1,0,5.6,0,56,100,1000,0,0,5.6,6
22,night,no,Movement,AN,2,0.1,2.5,1,25,100,1000,0.1,0,2.5,3
22,night,no,Movement,AN,3,0,2.7,0,27,100,1000,0,0,2.7,3
24,day,yes,Movement,AN,1,4.8,11.9,48,119,100,1000,4.8,5,11.9,12
24,day,yes,Movement,AN,2,0.5,16.2,5,162,100,1000,0.5,1,16.2,16
2,ALAN,no,Movement,Ast,1,0.4,6.4,4,64,100,1000,0.4,0,6.4,6
2,ALAN,no,Movement,Ast,2,0,4.2,0,42,100,1000,0,0,4.2,4
2,ALAN,no,Movement,Ast,3,0.6,6,6,60,100,1000,0.6,1,6,6
3,ALAN,no,Movement,Ast,1,0.2,24.1,2,241,100,1000,0.2,0,24.1,24
3,ALAN,no,Movement,Ast,2,0.3,18.3,3,183,100,1000,0.3,0,18.3,18
3,ALAN,no,Movement,Ast,3,0,24.4,0,244,100,1000,0,0,24.4,24
4,day,yes,Movement,Ast,1,0.1,14.3,1,143,100,1000,0.1,0,14.3,14
6,day,yes,Movement,Ast,1,0.2,21.5,2,215,100,1000,0.2,0,21.5,22
6,day,yes,Movement,Ast,2,0.7,27.7,7,277,100,1000,0.7,1,27.7,28
13,night,no,Movement,Ast,1,0.1,3.2,1,32,100,1000,0.1,0,3.2,3
13,night,no,Movement,Ast,2,0.3,1.9,3,19,100,1000,0.3,0,1.9,2
14,ALAN,yes,Movement,Ast,1,1.5,2.8,15,28,100,1000,1.5,2,2.8,3
14,ALAN,yes,Movement,Ast,2,0,14.5,0,145,100,1000,0,0,14.5,15
15,ALAN,yes,Movement,Ast,1,0.3,8.5,3,85,100,1000,0.3,0,8.5,9
15,ALAN,yes,Movement,Ast,2,0,5.9,0,59,100,1000,0,0,5.9,6
16,day,yes,Movement,Ast,1,0,14,0,140,100,1000,0,0,14,14
16,day,yes,Movement,Ast,2,0,22.7,0,227,100,1000,0,0,22.7,23
16,day,yes,Movement,Ast,3,0.2,17.6,2,176,100,1000,0.2,0,17.6,18
18,night,no,Movement,Ast,1,0,14.2,0,142,100,1000,0,0,14.2,14
20,ALAN,yes,Movement,Ast,1,0,5,0,50,100,1000,0,0,5,5
21,night,no,Movement,Ast,1,2.2,31.9,22,319,100,1000,2.2,2,31.9,32
22,night,no,Movement,Ast,1,0,13.9,0,139,100,1000,0,0,13.9,14
22,night,no,Movement,Ast,2,0,6.3,0,63,100,1000,0,0,6.3,6
22,night,no,Movement,Ast,3,0,6.3,0,63,100,1000,0,0,6.3,6
24,day,yes,Movement,Ast,1,0.8,38.6,8,386,100,1000,0.8,1,38.6,39
24,day,yes,Movement,Ast,2,1.8,46.3,18,463,100,1000,1.8,2,46.3,46
2,ALAN,no,Movement,AH,1,0.1,8.8,1,88,100,1000,0.1,0,8.8,9
2,ALAN,no,Movement,AH,2,0.5,2.9,5,29,100,1000,0.5,1,2.9,3
2,ALAN,no,Movement,AH,3,0.3,3.3,3,33,100,1000,0.3,0,3.3,3
3,ALAN,no,Movement,AH,1,1.9,36.8,19,368,100,1000,1.9,2,36.8,37
3,ALAN,no,Movement,AH,2,0.9,19.4,9,194,100,1000,0.9,1,19.4,19
3,ALAN,no,Movement,AH,3,0.9,24.8,9,248,100,1000,0.9,1,24.8,25
4,day,yes,Movement,AH,1,0.1,12.7,1,127,100,1000,0.1,0,12.7,13
4,day,yes,Movement,AH,2,0,9.4,0,94,100,1000,0,0,9.4,9
6,day,yes,Movement,AH,1,0.5,16.1,5,161,100,1000,0.5,1,16.1,16
6,day,yes,Movement,AH,2,0.9,20,9,200,100,1000,0.9,1,20,20
6,day,yes,Movement,AH,3,1.2,15.7,12,157,100,1000,1.2,1,15.7,16
13,night,no,Movement,AH,1,0.2,2.7,2,27,100,1000,0.2,0,2.7,3
13,night,no,Movement,AH,2,0.4,1.2,4,12,100,1000,0.4,0,1.2,1
14,ALAN,yes,Movement,AH,1,0.6,20.2,6,202,100,1000,0.6,1,20.2,20
14,ALAN,yes,Movement,AH,2,2.7,24.1,27,241,100,1000,2.7,3,24.1,24
14,ALAN,yes,Movement,AH,3,5.1,12.9,51,129,100,1000,5.1,5,12.9,13
15,ALAN,yes,Movement,AH,1,0.6,17,6,170,100,1000,0.6,1,17,17
15,ALAN,yes,Movement,AH,2,2.4,20.9,24,209,100,1000,2.4,2,20.9,21
15,ALAN,yes,Movement,AH,3,0.6,19.6,6,196,100,1000,0.6,1,19.6,20
16,day,yes,Movement,AH,1,1.1,16.7,11,167,100,1000,1.1,1,16.7,17
16,day,yes,Movement,AH,2,0.1,10,1,100,100,1000,0.1,0,10,10
16,day,yes,Movement,AH,3,0.7,13.5,7,135,100,1000,0.7,1,13.5,14
18,night,no,Movement,AH,1,0.4,15.1,4,151,100,1000,0.4,0,15.1,15
18,night,no,Movement,AH,2,0.2,21.9,2,219,100,1000,0.2,0,21.9,22
18,night,no,Movement,AH,3,0.5,15.7,5,157,100,1000,0.5,1,15.7,16
20,ALAN,yes,Movement,AH,1,0.5,19.3,5,193,100,1000,0.5,1,19.3,19
20,ALAN,yes,Movement,AH,2,1,14.1,10,141,100,1000,1,1,14.1,14
21,night,no,Movement,AH,1,0.4,9.8,4,98,100,1000,0.4,0,9.8,10
21,night,no,Movement,AH,2,0.9,17.3,9,173,100,1000,0.9,1,17.3,17
21,night,no,Movement,AH,3,0.8,24.1,8,241,100,1000,0.8,1,24.1,24
22,night,no,Movement,AH,1,1.2,24,12,240,100,1000,1.2,1,24,24
22,night,no,Movement,AH,2,0.1,4.8,1,48,100,1000,0.1,0,4.8,5
22,night,no,Movement,AH,3,0.1,2.8,1,28,100,1000,0.1,0,2.8,3
22,night,no,Movement,AH,4,1.7,14.5,17,145,100,1000,1.7,2,14.5,15
22,night,no,Movement,AH,5,0.2,7,2,70,100,1000,0.2,0,7,7
24,day,yes,Movement,AH,1,1.1,17.3,11,173,100,1000,1.1,1,17.3,17
24,day,yes,Movement,AH,2,0.2,13,2,130,100,1000,0.2,0,13,13
24,day,yes,Movement,AH,3,1,12.8,10,128,100,1000,1,1,12.8,13
2,ALAN,no,Movement,AMD,1,2.8,8.8,28,88,100,1000,2.8,3,8.8,9
2,ALAN,no,Movement,AMD,2,1.1,9.6,11,96,100,1000,1.1,1,9.6,10
2,ALAN,no,Movement,AMD,3,3.2,11.8,32,118,100,1000,3.2,3,11.8,12
3,ALAN,no,Movement,AMD,1,2.5,30.9,25,309,100,1000,2.5,3,30.9,31
3,ALAN,no,Movement,AMD,2,2.2,35.5,22,355,100,1000,2.2,2,35.5,36
3,ALAN,no,Movement,AMD,3,2.9,34.9,29,349,100,1000,2.9,3,34.9,35
4,day,yes,Movement,AMD,1,0.3,11.7,3,117,100,1000,0.3,0,11.7,12
4,day,yes,Movement,AMD,2,0.6,13.9,6,139,100,1000,0.6,1,13.9,14
6,day,yes,Movement,AMD,1,3.9,21.2,39,212,100,1000,3.9,4,21.2,21
6,day,yes,Movement,AMD,2,4.8,18.2,48,182,100,1000,4.8,5,18.2,18
6,day,yes,Movement,AMD,3,4,19.9,40,199,100,1000,4,4,19.9,20
13,night,no,Movement,AMD,1,1.4,6.1,14,61,100,1000,1.4,1,6.1,6
13,night,no,Movement,AMD,2,0.7,4.8,7,48,100,1000,0.7,1,4.8,5
14,ALAN,yes,Movement,AMD,1,8.8,32.9,88,329,100,1000,8.8,9,32.9,33
14,ALAN,yes,Movement,AMD,2,7.3,34.7,73,347,100,1000,7.3,7,34.7,35
14,ALAN,yes,Movement,AMD,3,10.8,30.4,108,304,100,1000,10.8,11,30.4,30
15,ALAN,yes,Movement,AMD,1,2.7,21,27,210,100,1000,2.7,3,21,21
15,ALAN,yes,Movement,AMD,2,2.3,20.7,23,207,100,1000,2.3,2,20.7,21
15,ALAN,yes,Movement,AMD,3,3.1,28,31,280,100,1000,3.1,3,28,28
16,day,yes,Movement,AMD,1,0.2,12.5,2,125,100,1000,0.2,0,12.5,13
16,day,yes,Movement,AMD,2,1,17.4,10,174,100,1000,1,1,17.4,17
16,day,yes,Movement,AMD,3,0.6,19.9,6,199,100,1000,0.6,1,19.9,20
18,night,no,Movement,AMD,1,1.9,15.8,19,158,100,1000,1.9,2,15.8,16
18,night,no,Movement,AMD,2,1.3,33.2,13,332,100,1000,1.3,1,33.2,33
18,night,no,Movement,AMD,3,1.9,29.1,19,291,100,1000,1.9,2,29.1,29
20,ALAN,yes,Movement,AMD,1,3.3,29.3,33,293,100,1000,3.3,3,29.3,29
20,ALAN,yes,Movement,AMD,2,2.1,22.6,21,226,100,1000,2.1,2,22.6,23
21,night,no,Movement,AMD,1,4.4,20.4,44,204,100,1000,4.4,4,20.4,20
21,night,no,Movement,AMD,2,1.3,10.1,13,101,100,1000,1.3,1,10.1,10
21,night,no,Movement,AMD,3,0.7,5.3,7,53,100,1000,0.7,1,5.3,5
22,night,no,Movement,AMD,1,1.8,12.9,18,129,100,1000,1.8,2,12.9,13
22,night,no,Movement,AMD,2,0,7,0,70,100,1000,0,0,7,7
22,night,no,Movement,AMD,3,0.5,9.8,5,98,100,1000,0.5,1,9.8,10
22,night,no,Movement,AMD,4,2.4,17.9,24,179,100,1000,2.4,2,17.9,18
24,day,yes,Movement,AMD,1,1.4,13.8,14,138,100,1000,1.4,1,13.8,14
24,day,yes,Movement,AMD,2,0.9,17.6,9,176,100,1000,0.9,1,17.6,18
2,ALAN,no,Movement,AMV,1,1.3,15.5,13,155,100,1000,1.3,1,15.5,16
2,ALAN,no,Movement,AMV,2,0,4.2,0,42,100,1000,0,0,4.2,4
3,ALAN,no,Movement,AMV,1,3.5,23.8,35,238,100,1000,3.5,4,23.8,24
3,ALAN,no,Movement,AMV,2,1.1,13.2,11,132,100,1000,1.1,1,13.2,13
4,day,yes,Movement,AMV,1,1.1,12.6,11,126,100,1000,1.1,1,12.6,13
6,day,yes,Movement,AMV,1,0.5,12.2,5,122,100,1000,0.5,1,12.2,12
6,day,yes,Movement,AMV,2,7.1,20.3,71,203,100,1000,7.1,7,20.3,20
6,day,yes,Movement,AMV,3,4.7,21.4,47,214,100,1000,4.7,5,21.4,21
13,night,no,Movement,AMV,1,0.8,3.9,8,39,100,1000,0.8,1,3.9,4
13,night,no,Movement,AMV,2,0,3.7,0,37,100,1000,0,0,3.7,4
14,ALAN,yes,Movement,AMV,1,2.3,7.8,23,78,100,1000,2.3,2,7.8,8
14,ALAN,yes,Movement,AMV,2,3.9,11.8,39,118,100,1000,3.9,4,11.8,12
14,ALAN,yes,Movement,AMV,3,2.9,8.8,29,88,100,1000,2.9,3,8.8,9
15,ALAN,yes,Movement,AMV,1,2.7,19.3,27,193,100,1000,2.7,3,19.3,19
16,day,yes,Movement,AMV,1,0.6,8.1,6,81,100,1000,0.6,1,8.1,8
16,day,yes,Movement,AMV,2,0.3,4.4,3,44,100,1000,0.3,0,4.4,4
16,day,yes,Movement,AMV,3,0.1,15.8,1,158,100,1000,0.1,0,15.8,16
18,night,no,Movement,AMV,1,0.8,26.4,8,264,100,1000,0.8,1,26.4,26
20,ALAN,yes,Movement,AMV,1,1.5,20.1,15,201,100,1000,1.5,2,20.1,20
21,night,no,Movement,AMV,1,1.1,13.6,11,136,100,1000,1.1,1,13.6,14
21,night,no,Movement,AMV,2,0.2,4.4,2,44,100,1000,0.2,0,4.4,4
21,night,no,Movement,AMV,3,0.6,3.8,6,38,100,1000,0.6,1,3.8,4
22,night,no,Movement,AMV,1,0.5,11,5,110,100,1000,0.5,1,11,11
22,night,no,Movement,AMV,2,0.3,7.7,3,77,100,1000,0.3,0,7.7,8
24,day,yes,Movement,AMV,1,12.6,19.8,126,198,100,1000,12.6,13,19.8,20
24,day,yes,Movement,AMV,2,7.2,20.6,72,206,100,1000,7.2,7,20.6,21
24,day,yes,Movement,AMV,3,0.7,11.8,7,118,100,1000,0.7,1,11.8,12
2,ALAN,no,Movement,PLN,1,0.7,11.1,7,111,100,1000,0.7,1,11.1,11
2,ALAN,no,Movement,PLN,2,0.3,6.8,3,68,100,1000,0.3,0,6.8,7
2,ALAN,no,Movement,PLN,3,0.2,3.4,2,34,100,1000,0.2,0,3.4,3
3,ALAN,no,Movement,PLN,1,0.6,22.6,6,226,100,1000,0.6,1,22.6,23
3,ALAN,no,Movement,PLN,2,0.2,13.8,2,138,100,1000,0.2,0,13.8,14
3,ALAN,no,Movement,PLN,3,0,18.7,0,187,100,1000,0,0,18.7,19
4,day,yes,Movement,PLN,1,0,4.5,0,45,100,1000,0,0,4.5,5
4,day,yes,Movement,PLN,2,0,11,0,110,100,1000,0,0,11,11
6,day,yes,Movement,PLN,1,1.3,11.4,13,114,100,1000,1.3,1,11.4,11
6,day,yes,Movement,PLN,2,0.3,6.5,3,65,100,1000,0.3,0,6.5,7
6,day,yes,Movement,PLN,3,0.7,5.3,7,53,100,1000,0.7,1,5.3,5
13,night,no,Movement,PLN,1,0.1,4,1,40,100,1000,0.1,0,4,4
13,night,no,Movement,PLN,2,0.3,3,3,30,100,1000,0.3,0,3,3
13,night,no,Movement,PLN,3,0,2.2,0,22,100,1000,0,0,2.2,2
14,ALAN,yes,Movement,PLN,1,0.6,12,6,120,100,1000,0.6,1,12,12
14,ALAN,yes,Movement,PLN,2,1.4,11.4,14,114,100,1000,1.4,1,11.4,11
14,ALAN,yes,Movement,PLN,3,1,13.9,10,139,100,1000,1,1,13.9,14
15,ALAN,yes,Movement,PLN,1,0,9.3,0,93,100,1000,0,0,9.3,9
15,ALAN,yes,Movement,PLN,2,0.5,5,5,50,100,1000,0.5,1,5,5
15,ALAN,yes,Movement,PLN,3,0.2,15.1,2,151,100,1000,0.2,0,15.1,15
16,day,yes,Movement,PLN,1,0,1.5,0,15,100,1000,0,0,1.5,2
16,day,yes,Movement,PLN,2,0,9.5,0,95,100,1000,0,0,9.5,10
16,day,yes,Movement,PLN,3,0,3.6,0,36,100,1000,0,0,3.6,4
18,night,no,Movement,PLN,1,0.2,5.7,2,57,100,1000,0.2,0,5.7,6
18,night,no,Movement,PLN,2,0.3,13.1,3,131,100,1000,0.3,0,13.1,13
18,night,no,Movement,PLN,3,0.4,12.8,4,128,100,1000,0.4,0,12.8,13
20,ALAN,yes,Movement,PLN,1,0.2,15.8,2,158,100,1000,0.2,0,15.8,16
20,ALAN,yes,Movement,PLN,2,0.3,16.8,3,168,100,1000,0.3,0,16.8,17
21,night,no,Movement,PLN,1,0,2.4,0,24,100,1000,0,0,2.4,2
21,night,no,Movement,PLN,2,1.2,17.1,12,171,100,1000,1.2,1,17.1,17
21,night,no,Movement,PLN,3,0,1.8,0,18,100,1000,0,0,1.8,2
21,night,no,Movement,PLN,4,0,7.8,0,78,100,1000,0,0,7.8,8
22,night,no,Movement,PLN,1,0.2,2.5,2,25,100,1000,0.2,0,2.5,3
22,night,no,Movement,PLN,2,0.4,14.1,4,141,100,1000,0.4,0,14.1,14
24,day,yes,Movement,PLN,1,0.2,6.6,2,66,100,1000,0.2,0,6.6,7
24,day,yes,Movement,PLN,2,0.2,4,2,40,100,1000,0.2,0,4,4
24,day,yes,Movement,PLN,3,0,5.8,0,58,100,1000,0,0,5.8,6
2,ALAN,no,Movement,PLMV,1,2.1,17.2,21,172,100,1000,2.1,2,17.2,17
2,ALAN,no,Movement,PLMV,2,0.3,6.3,3,63,100,1000,0.3,0,6.3,6
2,ALAN,no,Movement,PLMV,3,0.9,4.9,9,49,100,1000,0.9,1,4.9,5
3,ALAN,no,Movement,PLMV,1,0.3,20.3,3,203,100,1000,0.3,0,20.3,20
3,ALAN,no,Movement,PLMV,2,1,12.8,10,128,100,1000,1,1,12.8,13
3,ALAN,no,Movement,PLMV,3,1,15.6,10,156,100,1000,1,1,15.6,16
4,day,yes,Movement,PLMV,1,0.5,13,5,130,100,1000,0.5,1,13,13
4,day,yes,Movement,PLMV,2,0.4,11.7,4,117,100,1000,0.4,0,11.7,12
6,day,yes,Movement,PLMV,1,1.6,6.7,16,67,100,1000,1.6,2,6.7,7
6,day,yes,Movement,PLMV,2,3.2,9.5,32,95,100,1000,3.2,3,9.5,10
6,day,yes,Movement,PLMV,3,1.9,10.9,19,109,100,1000,1.9,2,10.9,11
13,night,no,Movement,PLMV,1,0.3,5,3,50,100,1000,0.3,0,5,5
13,night,no,Movement,PLMV,2,0.3,8,3,80,100,1000,0.3,0,8,8
14,ALAN,yes,Movement,PLMV,1,6.1,19.5,61,195,100,1000,6.1,6,19.5,20
14,ALAN,yes,Movement,PLMV,2,6,12.8,60,128,100,1000,6,6,12.8,13
14,ALAN,yes,Movement,PLMV,3,5.4,15.7,54,157,100,1000,5.4,5,15.7,16
15,ALAN,yes,Movement,PLMV,1,0.4,13,4,130,100,1000,0.4,0,13,13
15,ALAN,yes,Movement,PLMV,2,0.8,12.3,8,123,100,1000,0.8,1,12.3,12
15,ALAN,yes,Movement,PLMV,3,0.2,6.2,2,62,100,1000,0.2,0,6.2,6
16,day,yes,Movement,PLMV,1,0.1,5.7,1,57,100,1000,0.1,0,5.7,6
16,day,yes,Movement,PLMV,2,0.2,4.8,2,48,100,1000,0.2,0,4.8,5
16,day,yes,Movement,PLMV,3,0,3.3,0,33,100,1000,0,0,3.3,3
18,night,no,Movement,PLMV,1,2,25.7,20,257,100,1000,2,2,25.7,26
18,night,no,Movement,PLMV,2,2.7,17.9,27,179,100,1000,2.7,3,17.9,18
18,night,no,Movement,PLMV,3,0.6,9,6,90,100,1000,0.6,1,9,9
20,ALAN,yes,Movement,PLMV,1,1.5,25.9,15,259,100,1000,1.5,2,25.9,26
20,ALAN,yes,Movement,PLMV,2,0.2,19.5,2,195,100,1000,0.2,0,19.5,20
21,night,no,Movement,PLMV,1,0.3,5.1,3,51,100,1000,0.3,0,5.1,5
21,night,no,Movement,PLMV,2,0.1,18.8,1,188,100,1000,0.1,0,18.8,19
21,night,no,Movement,PLMV,3,0.7,5.6,7,56,100,1000,0.7,1,5.6,6
21,night,no,Movement,PLMV,4,1.5,15.5,15,155,100,1000,1.5,2,15.5,16
22,night,no,Movement,PLMV,1,0.4,11.2,4,112,100,1000,0.4,0,11.2,11
22,night,no,Movement,PLMV,2,0.6,13,6,130,100,1000,0.6,1,13,13
24,day,yes,Movement,PLMV,1,2.2,26.6,22,266,100,1000,2.2,2,26.6,27
24,day,yes,Movement,PLMV,2,0.5,21.3,5,213,100,1000,0.5,1,21.3,21
24,day,yes,Movement,PLMV,3,0.3,10.9,3,109,100,1000,0.3,0,10.9,11
2,ALAN,no,Movement,DLN,1,0.3,0.3,3,3,100,1000,0.3,0,0.3,0
2,ALAN,no,Movement,DLN,2,2.4,13.5,24,135,100,1000,2.4,2,13.5,14
2,ALAN,no,Movement,DLN,3,0.2,10,2,100,100,1000,0.2,0,10,10
2,ALAN,no,Movement,DLN,4,0.7,11.7,7,117,100,1000,0.7,1,11.7,12
3,ALAN,no,Movement,DLN,1,1,20.2,10,202,100,1000,1,1,20.2,20
3,ALAN,no,Movement,DLN,2,1.4,26.5,14,265,100,1000,1.4,1,26.5,27
4,day,yes,Movement,DLN,1,1.1,11.4,11,114,100,1000,1.1,1,11.4,11
4,day,yes,Movement,DLN,2,0.1,13.4,1,134,100,1000,0.1,0,13.4,13
13,night,no,Movement,DLN,1,1.6,10.1,16,101,100,1000,1.6,2,10.1,10
13,night,no,Movement,DLN,2,0,1.2,0,12,100,1000,0,0,1.2,1
13,night,no,Movement,DLN,3,0.5,3.2,5,32,100,1000,0.5,1,3.2,3
14,ALAN,yes,Movement,DLN,1,1.1,9.2,11,92,100,1000,1.1,1,9.2,9
14,ALAN,yes,Movement,DLN,2,1.1,5.2,11,52,100,1000,1.1,1,5.2,5
15,ALAN,yes,Movement,DLN,1,1.3,15.3,13,153,100,1000,1.3,1,15.3,15
15,ALAN,yes,Movement,DLN,2,0.5,15.4,5,154,100,1000,0.5,1,15.4,15
16,day,yes,Movement,DLN,1,2.9,13.9,29,139,100,1000,2.9,3,13.9,14
16,day,yes,Movement,DLN,2,4.9,27.4,49,274,100,1000,4.9,5,27.4,27
18,night,no,Movement,DLN,1,5.7,16.5,57,165,100,1000,5.7,6,16.5,17
18,night,no,Movement,DLN,2,0.1,16,1,160,100,1000,0.1,0,16,16
18,night,no,Movement,DLN,3,2.3,17.8,23,178,100,1000,2.3,2,17.8,18
20,ALAN,yes,Movement,DLN,1,1.7,8.1,17,81,100,1000,1.7,2,8.1,8
20,ALAN,yes,Movement,DLN,2,0,2.5,0,25,100,1000,0,0,2.5,3
21,night,no,Movement,DLN,1,1.5,13.6,15,136,100,1000,1.5,2,13.6,14
21,night,no,Movement,DLN,2,6.9,11.6,69,116,100,1000,6.9,7,11.6,12
22,night,no,Movement,DLN,1,0.3,13,3,130,100,1000,0.3,0,13,13
24,day,yes,Movement,DLN,1,1.2,16.6,12,166,100,1000,1.2,1,16.6,17
24,day,yes,Movement,DLN,2,0.3,2.7,3,27,100,1000,0.3,0,2.7,3
24,day,yes,Movement,DLN,3,3.7,12.9,37,129,100,1000,3.7,4,12.9,13
24,day,yes,Movement,DLN,4,0.2,8.1,2,81,100,1000,0.2,0,8.1,8
2,ALAN,no,Movement,LAI,1,1,0.7,10,7,100,1000,1,1,0.7,1
2,ALAN,no,Movement,LAI,2,0,1,0,10,100,1000,0,0,1,1
2,ALAN,no,Movement,LAI,3,0,0.4,0,4,100,1000,0,0,0.4,0
3,ALAN,no,Movement,LAI,1,1.3,13.1,13,131,100,1000,1.3,1,13.1,13
4,day,yes,Movement,LAI,1,0,3.2,0,32,100,1000,0,0,3.2,3
6,day,yes,Movement,LAI,1,0,3.6,0,36,100,1000,0,0,3.6,4
14,ALAN,yes,Movement,LAI,1,0,6.6,0,66,100,1000,0,0,6.6,7
14,ALAN,yes,Movement,LAI,2,0.3,2.3,3,23,100,1000,0.3,0,2.3,2
15,ALAN,yes,Movement,LAI,1,0.8,8.6,8,86,100,1000,0.8,1,8.6,9
15,ALAN,yes,Movement,LAI,2,1.4,17.2,14,172,100,1000,1.4,1,17.2,17
15,ALAN,yes,Movement,LAI,3,1.4,4,14,40,100,1000,1.4,1,4,4
16,day,yes,Movement,LAI,1,0.2,3.9,2,39,100,1000,0.2,0,3.9,4
18,night,no,Movement,LAI,1,0.2,8.7,2,87,100,1000,0.2,0,8.7,9
18,night,no,Movement,LAI,2,0,3.3,0,33,100,1000,0,0,3.3,3
18,night,no,Movement,LAI,3,0.2,0.7,2,7,100,1000,0.2,0,0.7,1
20,ALAN,yes,Movement,LAI,1,0.2,6.1,2,61,100,1000,0.2,0,6.1,6
20,ALAN,yes,Movement,LAI,2,4.1,5.9,41,59,100,1000,4.1,4,5.9,6
21,night,no,Movement,LAI,1,3.2,15.6,32,156,100,1000,3.2,3,15.6,16
24,day,yes,Movement,LAI,1,0.1,4.3,1,43,100,1000,0.1,0,4.3,4
24,day,yes,Movement,LAI,2,0.7,1.8,7,18,100,1000,0.7,1,1.8,2
2,ALAN,no,Movement,MVb,1,0.4,7.8,4,78,100,1000,0.4,0,7.8,8
2,ALAN,no,Movement,MVb,2,0.3,9.3,3,93,100,1000,0.3,0,9.3,9
2,ALAN,no,Movement,MVb,3,0,5.6,0,56,100,1000,0,0,5.6,6
3,ALAN,no,Movement,MVb,1,0.2,13.4,2,134,100,1000,0.2,0,13.4,13
3,ALAN,no,Movement,MVb,2,1.4,24.4,14,244,100,1000,1.4,1,24.4,24
3,ALAN,no,Movement,MVb,3,6.6,34.3,66,343,100,1000,6.6,7,34.3,34
3,ALAN,no,Movement,MVb,4,1.5,15.8,15,158,100,1000,1.5,2,15.8,16
4,day,yes,Movement,MVb,1,0.3,14.9,3,149,100,1000,0.3,0,14.9,15
4,day,yes,Movement,MVb,2,0.2,18.3,2,183,100,1000,0.2,0,18.3,18
6,day,yes,Movement,MVb,1,4.7,25.5,47,255,100,1000,4.7,5,25.5,26
6,day,yes,Movement,MVb,2,4.4,24,44,240,100,1000,4.4,4,24,24
13,night,no,Movement,MVb,1,0.1,3.8,1,38,100,1000,0.1,0,3.8,4
13,night,no,Movement,MVb,2,1.4,9,14,90,100,1000,1.4,1,9,9
13,night,no,Movement,MVb,3,0,4.5,0,45,100,1000,0,0,4.5,5
14,ALAN,yes,Movement,MVb,1,2.6,8.8,26,88,100,1000,2.6,3,8.8,9
14,ALAN,yes,Movement,MVb,2,2.2,8.6,22,86,100,1000,2.2,2,8.6,9
15,ALAN,yes,Movement,MVb,1,2.7,20.8,27,208,100,1000,2.7,3,20.8,21
15,ALAN,yes,Movement,MVb,2,0.2,11.6,2,116,100,1000,0.2,0,11.6,12
15,ALAN,yes,Movement,MVb,3,0.3,12.8,3,128,100,1000,0.3,0,12.8,13
16,day,yes,Movement,MVb,1,0.2,13.7,2,137,100,1000,0.2,0,13.7,14
16,day,yes,Movement,MVb,2,1.6,42.4,16,424,100,1000,1.6,2,42.4,42
16,day,yes,Movement,MVb,3,0.8,17,8,170,100,1000,0.8,1,17,17
18,night,no,Movement,MVb,1,0.6,8.1,6,81,100,1000,0.6,1,8.1,8
18,night,no,Movement,MVb,2,0.1,15.2,1,152,100,1000,0.1,0,15.2,15
18,night,no,Movement,MVb,3,1.5,14.5,15,145,100,1000,1.5,2,14.5,15
20,ALAN,yes,Movement,MVb,1,0.5,20.5,5,205,100,1000,0.5,1,20.5,21
20,ALAN,yes,Movement,MVb,2,0.6,14.3,6,143,100,1000,0.6,1,14.3,14
20,ALAN,yes,Movement,MVb,3,0.1,7.9,1,79,100,1000,0.1,0,7.9,8
21,night,no,Movement,MVb,1,0.1,8.4,1,84,100,1000,0.1,0,8.4,8
21,night,no,Movement,MVb,2,1.7,11.5,17,115,100,1000,1.7,2,11.5,12
21,night,no,Movement,MVb,3,1.5,18.4,15,184,100,1000,1.5,2,18.4,18
22,night,no,Movement,MVb,1,1,9.8,10,98,100,1000,1,1,9.8,10
24,day,yes,Movement,MVb,1,1.4,14.6,14,146,100,1000,1.4,1,14.6,15
24,day,yes,Movement,MVb,2,3.2,50.6,32,506,100,1000,3.2,3,50.6,51
24,day,yes,Movement,MVb,3,0,11.3,0,113,100,1000,0,0,11.3,11
2,ALAN,no,Movement,Nb,1,0,6.9,0,69,100,1000,0,0,6.9,7
2,ALAN,no,Movement,Nb,2,0,3.3,0,33,100,1000,0,0,3.3,3
2,ALAN,no,Movement,Nb,3,0.3,4.9,3,49,100,1000,0.3,0,4.9,5
3,ALAN,no,Movement,Nb,1,0,12.7,0,127,100,1000,0,0,12.7,13
3,ALAN,no,Movement,Nb,2,0.3,9.1,3,91,100,1000,0.3,0,9.1,9
3,ALAN,no,Movement,Nb,3,0.4,12.5,4,125,100,1000,0.4,0,12.5,13
3,ALAN,no,Movement,Nb,4,0.8,21.5,8,215,100,1000,0.8,1,21.5,22
4,day,yes,Movement,Nb,1,0,11.3,0,113,100,1000,0,0,11.3,11
4,day,yes,Movement,Nb,2,0,10.6,0,106,100,1000,0,0,10.6,11
6,day,yes,Movement,Nb,1,0.6,15.8,6,158,100,1000,0.6,1,15.8,16
6,day,yes,Movement,Nb,2,2.1,13.9,21,139,100,1000,2.1,2,13.9,14
13,night,no,Movement,Nb,1,0,4.1,0,41,100,1000,0,0,4.1,4
14,ALAN,yes,Movement,Nb,1,0.6,12.2,6,122,100,1000,0.6,1,12.2,12
14,ALAN,yes,Movement,Nb,2,0.1,6.9,1,69,100,1000,0.1,0,6.9,7
14,ALAN,yes,Movement,Nb,3,0.3,5.2,3,52,100,1000,0.3,0,5.2,5
15,ALAN,yes,Movement,Nb,1,0,3.8,0,38,100,1000,0,0,3.8,4
15,ALAN,yes,Movement,Nb,2,0,14.4,0,144,100,1000,0,0,14.4,14
16,day,yes,Movement,Nb,1,0,11.4,0,114,100,1000,0,0,11.4,11
16,day,yes,Movement,Nb,2,0,26.1,0,261,100,1000,0,0,26.1,26
16,day,yes,Movement,Nb,3,0.9,23.6,9,236,100,1000,0.9,1,23.6,24
18,night,no,Movement,Nb,1,0,6.6,0,66,100,1000,0,0,6.6,7
18,night,no,Movement,Nb,2,0,7.2,0,72,100,1000,0,0,7.2,7
18,night,no,Movement,Nb,3,0,11.7,0,117,100,1000,0,0,11.7,12
20,ALAN,yes,Movement,Nb,1,0,8.1,0,81,100,1000,0,0,8.1,8
20,ALAN,yes,Movement,Nb,2,0,6.3,0,63,100,1000,0,0,6.3,6
20,ALAN,yes,Movement,Nb,3,0,4.2,0,42,100,1000,0,0,4.2,4
21,night,no,Movement,Nb,1,0,6,0,60,100,1000,0,0,6,6
22,night,no,Movement,Nb,1,0,12.3,0,123,100,1000,0,0,12.3,12
24,day,yes,Movement,Nb,1,0.4,12.9,4,129,100,1000,0.4,0,12.9,13
24,day,yes,Movement,Nb,2,1.9,42.5,19,425,100,1000,1.9,2,42.5,43
24,day,yes,Movement,Nb,3,0.2,7.9,2,79,100,1000,0.2,0,7.9,8
3,ALAN,no,Extra,S,1,3,8,3,8,179,179,0.016759777,3,0.044692737,8
2,ALAN,no,Extra,S,1,33,0,33,0,479,479,0.068893528,33,0,0
4,day,yes,Extra,S,1,44,40,44,40,411,411,0.107055961,44,0.097323601,40
6,day,yes,Extra,S,1,14,62,14,62,983,983,0.014242116,14,0.063072228,62
14,ALAN,yes,Extra,S,1,44,101,44,101,1350,1350,0.032592593,44,0.074814815,101
14,ALAN,yes,Extra,S,2,9,9,9,9,391,391,0.023017903,9,0.023017903,9
14,ALAN,yes,Extra,S,3,14,37,14,37,491,491,0.028513238,14,0.075356415,37
15,ALAN,yes,Extra,S,1,1,10,1,10,513,513,0.001949318,1,0.019493177,10
16,day,yes,Extra,S,1,2,38,2,38,751,751,0.002663116,2,0.050599201,38
18,night,no,Extra,S,1,3,17,3,17,258,258,0.011627907,3,0.065891473,17
22,night,no,Extra,S,1,3,54,3,54,629,629,0.004769475,3,0.085850556,54
22,night,no,Extra,S,2,13,28,13,28,173,173,0.075144509,13,0.161849711,28
2,ALAN,no,Extra,HP,1,1,9,1,9,804,804,0.001243781,1,0.01119403,9
3,ALAN,no,Extra,HP,1,3,8,3,8,205,205,0.014634146,3,0.03902439,8
3,ALAN,no,Extra,HP,2,0,14,0,14,1119,1119,0,0,0.012511171,14
3,ALAN,no,Extra,HP,3,1,0,1,0,637,637,0.001569859,1,0,0
4,day,yes,Extra,HP,1,1,7,1,7,711,711,0.00140647,1,0.009845288,7
13,night,no,Extra,HP,1,0,4,0,4,153,153,0,0,0.026143791,4
14,ALAN,yes,Extra,HP,1,1,6,1,6,569,569,0.001757469,1,0.010544815,6
14,ALAN,yes,Extra,HP,2,2,1,2,1,167,167,0.011976048,2,0.005988024,1
14,ALAN,yes,Extra,HP,3,25,26,25,26,429,429,0.058275058,25,0.060606061,26
15,ALAN,yes,Extra,HP,1,3,9,3,9,139,139,0.021582734,3,0.064748201,9
16,day,yes,Extra,HP,1,0,1,0,1,83,83,0,0,0.012048193,1
16,day,yes,Extra,HP,2,2,20,2,20,156,156,0.012820513,2,0.128205128,20
18,night,no,Extra,HP,1,1,0,1,0,131,131,0.007633588,1,0,0
18,night,no,Extra,HP,2,12,20,12,20,278,278,0.043165468,12,0.071942446,20
20,ALAN,yes,Extra,HP,1,0,2,0,2,177,177,0,0,0.011299435,2
21,night,no,Extra,HP,1,16,171,16,171,1326,1326,0.012066365,16,0.128959276,171
22,night,no,Extra,HP,1,1,9,1,9,1108,1108,0.000902527,1,0.008122744,9
22,night,no,Extra,HP,2,0,35,0,35,636,636,0,0,0.055031447,35
22,night,no,Extra,HP,3,21,40,21,40,149,149,0.140939597,21,0.268456376,40
24,day,yes,Extra,HP,1,8,7,8,7,219,219,0.03652968,8,0.03196347,7
24,day,yes,Extra,HP,2,1,3,1,3,646,646,0.001547988,1,0.004643963,3
